<?xml version="1.0"?>
<data grt_format="2.0">
  <value _ptr_="0x5589c029f870" type="list" content-type="object" content-struct-name="db.mgmt.Connection">
    <value type="object" struct-name="db.mgmt.Connection" id="904a0a10-68ea-11e9-8d1f-d0509991a61c" struct-checksum="0x96ba47d8">
      <link type="object" struct-name="db.mgmt.Driver" key="driver">com.mysql.rdbms.mysql.driver.native</link>
      <value type="string" key="hostIdentifier">Mysql@127.0.0.1:3306</value>
      <value type="int" key="isDefault">1</value>
      <value _ptr_="0x5589c0cd4490" type="dict" key="modules"/>
      <value _ptr_="0x5589c0cd4510" type="dict" key="parameterValues">
        <value type="string" key="DbSqlEditor:LastDefaultSchema">parser_knig</value>
        <value type="string" key="SQL_MODE"></value>
        <value type="string" key="hostName">127.0.0.1</value>
        <value type="int" key="lastConnected">1636308839</value>
        <value type="string" key="password"></value>
        <value type="int" key="port">3306</value>
        <value type="string" key="schema"></value>
        <value type="string" key="serverVersion">8.0.27-0ubuntu0.20.04.1</value>
        <value type="string" key="sslCA"></value>
        <value type="string" key="sslCert"></value>
        <value type="string" key="sslCipher"></value>
        <value type="string" key="sslKey"></value>
        <value type="int" key="useSSL">1</value>
        <value type="string" key="userName">root</value>
      </value>
      <value type="string" key="name">Local instance 3306</value>
      <link type="object" struct-name="GrtObject" key="owner">7854f172-3ff6-11ec-a380-f7c0ee9369a8</link>
    </value>
  </value>
</data>
