<?xml version="1.0"?>
<data grt_format="2.0">
  <value _ptr_="0x5589c01ebb10" type="list" content-type="object" content-struct-name="db.mgmt.ServerInstance">
    <value type="object" struct-name="db.mgmt.ServerInstance" id="904a0a0f-68ea-11e9-8d1f-d0509991a61c" struct-checksum="0x367436e2">
      <link type="object" struct-name="db.mgmt.Connection" key="connection">904a0a10-68ea-11e9-8d1f-d0509991a61c</link>
      <value _ptr_="0x5589c0c59830" type="dict" key="loginInfo"/>
      <value _ptr_="0x5589c0c598b0" type="dict" key="serverInfo">
        <value type="string" key="basedir">/usr/</value>
        <value type="string" key="datadir">/var/lib/mysql/</value>
        <value type="string" key="detected_os_name">Linux</value>
        <value type="string" key="detected_os_type">linux</value>
        <value type="string" key="detected_os_variant">Ubuntu</value>
        <value type="string" key="detected_os_version">18.04</value>
        <value type="string" key="errorLogFilePath">/var/log/mysql/error.log</value>
        <value type="string" key="generalLogFilePath">/var/lib/mysql/jenya-desktop.log</value>
        <value type="string" key="serverVersion">5.7.26</value>
        <value type="int" key="setupPending">0</value>
        <value type="string" key="slowLogFilePath">/var/lib/mysql/jenya-desktop-slow.log</value>
        <value type="string" key="sys.config.path"></value>
        <value type="string" key="sys.config.section">mysqld</value>
        <value type="string" key="sys.preset">Custom</value>
        <value type="string" key="sys.sudo"></value>
        <value type="string" key="sys.system">Linux</value>
        <value type="int" key="sys.usesudo">0</value>
        <value type="int" key="sys.usesudostatus">0</value>
      </value>
      <value type="string" key="name">Local 3306</value>
    </value>
  </value>
</data>
